route,seed,accuracy_percent,mean_loss,contraction_terms,state_bytes,transitions,reversals,precision_grows
backprop,1,68.8,41047.50675,3203190434,1031840,158654,90450,815
backprop,2,74.975,38972.27225,3204926422,1030176,163198,93200,780
backprop,3,67.575,43378.43925,3205656365,1031008,161742,92024,783
backprop,4,78.9,38616.31075,3205539815,1031008,178755,102609,793
backprop,5,76.25,43022.3025,3204368301,1031008,158132,89819,793
probe,1,65.875,45707.82075,3218231688,1031008,90248,41577,779
probe,2,67.075,46920.28725,3217787402,1031008,93171,43941,749
probe,3,65.5,46312.0895,3217906658,1031008,95086,44419,732
probe,4,64.975,47099.5865,3219449162,1031008,95391,43766,765
probe,5,68.975,46197.26675,3217402530,1031840,90944,41749,759
probe_reference,1,65.875,45707.82075,233401937952,1031008,90248,41577,779
