policy,seed,accuracy_percent,loss_sum,mean_loss,contraction_terms,state_bytes,peak_state_bytes,transitions,reversals,precision_grows,precision_shrinks,rounded_small,rescalings,clips,banks_0,banks_8,banks_16,banks_24
adaptive12,1,68.8,164190027,41047.50675,19646963470,1031840,1034336,158654,90450,815,812,0,0,0,0,791,3,0
adaptive12,2,74.975,155889089,38972.27225,20119937814,1030176,1034336,163198,93200,780,779,0,0,0,0,793,1,0
adaptive12,3,67.575,173513757,43378.43925,19969699253,1031008,1034336,161742,92024,783,781,0,0,0,0,792,2,0
adaptive12,4,78.9,154465243,38616.31075,21733992005,1031008,1033504,178755,102609,793,791,0,0,0,0,792,2,0
adaptive12,5,76.25,172089210,43022.3025,19593908549,1031008,1034336,158132,89819,793,791,0,0,0,0,792,2,0
adaptive24,1,68.8,164190027,41047.50675,19646963470,1031840,1034336,158654,90450,815,812,0,0,0,0,791,3,0
adaptive24,2,74.975,155889089,38972.27225,20119937814,1030176,1034336,163198,93200,780,779,0,0,0,0,793,1,0
adaptive24,3,67.575,173513757,43378.43925,19969699253,1031008,1034336,161742,92024,783,781,0,0,0,0,792,2,0
adaptive24,4,78.9,154465243,38616.31075,21733992005,1031008,1033504,178755,102609,793,791,0,0,0,0,792,2,0
adaptive24,5,76.25,172089210,43022.3025,19593908549,1031008,1034336,158132,89819,793,791,0,0,0,0,792,2,0
fixed8,1,71.3,157574663,39393.66575,19574319508,1029344,1029344,157956,90017,0,0,5118,19,0,0,794,0,0
fixed8,2,71.7,158998201,39749.55025,19438297418,1029344,1029344,156622,88915,0,0,5879,20,0,0,794,0,0
fixed8,3,71.55,166587584,41646.896,20545063815,1029344,1029344,167313,95651,0,0,6636,21,0,0,794,0,0
fixed8,4,77.95,156884122,39221.0305,22659133057,1029344,1029344,187694,108735,0,0,7760,21,0,0,794,0,0
fixed8,5,80.75,156425300,39106.325,20452367958,1029344,1029344,166433,95931,0,0,7135,23,0,0,794,0,0
fixed24,1,68.8,164190027,41047.50675,19646963470,2350560,2350560,158654,90450,0,0,0,0,0,0,0,0,794
fixed24,2,74.975,155889089,38972.27225,20119937814,2350560,2350560,163198,93200,0,0,0,0,0,0,0,0,794
fixed24,3,67.575,173513757,43378.43925,19969699253,2350560,2350560,161742,92024,0,0,0,0,0,0,0,0,794
fixed24,4,78.9,154465243,38616.31075,21733992005,2350560,2350560,178755,102609,0,0,0,0,0,0,0,0,794
fixed24,5,76.25,172089210,43022.3025,19593908549,2350560,2350560,158132,89819,0,0,0,0,0,0,0,0,794
integer32,1,68.8,164190027,41047.50675,19646963470,1994848,1994848,158654,90450,0,0,0,0,0,794,0,0,0
integer32,2,74.975,155889089,38972.27225,20119937814,1994848,1994848,163198,93200,0,0,0,0,0,794,0,0,0
integer32,3,67.575,173513757,43378.43925,19969699253,1994848,1994848,161742,92024,0,0,0,0,0,794,0,0,0
integer32,4,78.9,154465243,38616.31075,21733992005,1994848,1994848,178755,102609,0,0,0,0,0,794,0,0,0
integer32,5,76.25,172089210,43022.3025,19593908549,1994848,1994848,158132,89819,0,0,0,0,0,794,0,0,0
